<?xml version='1.0' encoding='utf-8'?>
<tomcat-users xmlns="http://tomcat.apache.org/xml"
              xmlns:xsi="http://www.w3.org/2001/XMLSchema-instance"
              xsi:schemaLocation="http://tomcat.apache.org/xml tomcat-users.xsd"
              version="1.0">
			  
  <role rolename="manager-script"/>
  <role rolename="manager-jmx"/>
  <role rolename="Administrators"/>
  <role rolename="reviewer"/>
  <role rolename="user"/>
  <role rolename="manager"/>
  <role rolename="rest-client"/>
  <role rolename="viewmgmt"/>
  <role rolename="admin"/>
  <role rolename="analyst"/>
  <role rolename="rest-all"/>
  <role rolename="developer"/>
  <role rolename="kie-server"/>
  <role rolename="manager-gui"/>
  <user username="admin" password="admin" roles="admin,Administrators,developer,user,manager,manager-script, manager-jmx, manager-gui,rest-all,rest-client"/>
  <user username="jbpmrest" password="jbpmrest" roles="rest-all,rest-client"/>
  <user username="wbadmin" password="wbadmin123" roles="admin,kie-server,rest-all"/>
  <user username="wbdeveloper" password="wbdeveloper123" roles="developer"/>
  <user username="tomcat" password="secret" roles="manager-gui"/>
  <user username="wbanalyst" password="wbanalyst123" roles="analyst"/>
  <user username="wbuser" password="wbuser123" roles="viewmgmt"/>
</tomcat-users>